{"web_application":[{"id":"glass","name":"Glass","filter":["martini","drink","bar","alcohol","liquor"]},{"id":"music","name":"Music","filter":["note","sound"]},{"id":"search","name":"Search","filter":["magnify","zoom","enlarge","bigger"]},{"id":"envelope-o","name":"Envelope Outlined","filter":["email","e-mail","letter","support","mail","message","notification"]},{"id":"heart","name":"Heart","filter":["love","like","favorite"]},{"id":"star","name":"Star","filter":["award","achievement","night","rating","score","favorite"]},{"id":"star-o","name":"Star Outlined","filter":["award","achievement","night","rating","score","favorite"]},{"id":"user","name":"User","filter":["person","man","head","profile"]},{"id":"film","name":"Film","filter":["movie"]},{"id":"check","name":"Check","filter":["checkmark","done","todo","agree","accept","confirm","tick","ok"]},{"id":"times","name":"Times","filter":["close","exit","x","cross"]},{"id":"search-plus","name":"Search Plus","filter":["magnify","zoom","enlarge","bigger"]},{"id":"search-minus","name":"Search Minus","filter":["magnify","minify","zoom","smaller"]},{"id":"power-off","name":"Power Off","filter":["on"]},{"id":"signal","name":"signal","filter":["graph","bars"]},{"id":"cog","name":"cog","filter":["settings"]},{"id":"trash-o","name":"Trash Outlined","filter":["garbage","delete","remove","trash","hide"]},{"id":"home","name":"home","filter":["main","house"]},{"id":"clock-o","name":"Clock Outlined","filter":["watch","timer","late","timestamp"]},{"id":"road","name":"road","filter":["street"]},{"id":"download","name":"Download","filter":["import"]},{"id":"inbox","name":"inbox","filter":[]},{"id":"refresh","name":"refresh","filter":["reload","sync"]},{"id":"lock","name":"lock","filter":["protect","admin","security"]},{"id":"flag","name":"flag","filter":["report","notification","notify"]},{"id":"headphones","name":"headphones","filter":["sound","listen","music","audio"]},{"id":"volume-off","name":"volume-off","filter":["audio","mute","sound","music"]},{"id":"volume-down","name":"volume-down","filter":["audio","lower","quieter","sound","music"]},{"id":"volume-up","name":"volume-up","filter":["audio","higher","louder","sound","music"]},{"id":"qrcode","name":"qrcode","filter":["scan"]},{"id":"barcode","name":"barcode","filter":["scan"]},{"id":"tag","name":"tag","filter":["label"]},{"id":"tags","name":"tags","filter":["labels"]},{"id":"book","name":"book","filter":["read","documentation"]},{"id":"bookmark","name":"bookmark","filter":["save"]},{"id":"print","name":"print","filter":[]},{"id":"camera","name":"camera","filter":["photo","picture","record"]},{"id":"video-camera","name":"Video Camera","filter":["film","movie","record"]},{"id":"picture-o","name":"Picture Outlined","filter":[]},{"id":"pencil","name":"pencil","filter":["write","edit","update"]},{"id":"map-marker","name":"map-marker","filter":["map","pin","location","coordinates","localize","address","travel","where","place"]},{"id":"adjust","name":"adjust","filter":["contrast"]},{"id":"tint","name":"tint","filter":["raindrop","waterdrop","drop","droplet"]},{"id":"pencil-square-o","name":"Pencil Square Outlined","filter":["write","edit","update"]},{"id":"share-square-o","name":"Share Square Outlined","filter":["social","send","arrow"]},{"id":"check-square-o","name":"Check Square Outlined","filter":["todo","done","agree","accept","confirm","ok"]},{"id":"arrows","name":"Arrows","filter":["move","reorder","resize"]},{"id":"plus-circle","name":"Plus Circle","filter":["add","new","create","expand"]},{"id":"minus-circle","name":"Minus Circle","filter":["delete","remove","trash","hide"]},{"id":"times-circle","name":"Times Circle","filter":["close","exit","x"]},{"id":"check-circle","name":"Check Circle","filter":["todo","done","agree","accept","confirm","ok"]},{"id":"question-circle","name":"Question Circle","filter":["help","information","unknown","support"]},{"id":"info-circle","name":"Info Circle","filter":["help","information","more","details"]},{"id":"crosshairs","name":"Crosshairs","filter":["picker"]},{"id":"times-circle-o","name":"Times Circle Outlined","filter":["close","exit","x"]},{"id":"check-circle-o","name":"Check Circle Outlined","filter":["todo","done","agree","accept","confirm","ok"]},{"id":"ban","name":"ban","filter":["delete","remove","trash","hide","block","stop","abort","cancel"]},{"id":"share","name":"Share","filter":[]},{"id":"plus","name":"plus","filter":["add","new","create","expand"]},{"id":"minus","name":"minus","filter":["hide","minify","delete","remove","trash","hide","collapse"]},{"id":"asterisk","name":"asterisk","filter":["details"]},{"id":"exclamation-circle","name":"Exclamation Circle","filter":["warning","error","problem","notification","alert"]},{"id":"gift","name":"gift","filter":["present"]},{"id":"leaf","name":"leaf","filter":["eco","nature","plant"]},{"id":"fire","name":"fire","filter":["flame","hot","popular"]},{"id":"eye","name":"Eye","filter":["show","visible","views"]},{"id":"eye-slash","name":"Eye Slash","filter":["toggle","show","hide","visible","visiblity","views"]},{"id":"exclamation-triangle","name":"Exclamation Triangle","filter":["warning","error","problem","notification","alert"]},{"id":"plane","name":"plane","filter":["travel","trip","location","destination","airplane","fly","mode"]},{"id":"calendar","name":"calendar","filter":["date","time","when","event"]},{"id":"random","name":"random","filter":["sort","shuffle"]},{"id":"comment","name":"comment","filter":["speech","notification","note","chat","bubble","feedback","message","texting","sms","conversation"]},{"id":"magnet","name":"magnet","filter":[]},{"id":"retweet","name":"retweet","filter":["refresh","reload","share"]},{"id":"shopping-cart","name":"shopping-cart","filter":["checkout","buy","purchase","payment"]},{"id":"folder","name":"Folder","filter":[]},{"id":"folder-open","name":"Folder Open","filter":[]},{"id":"arrows-v","name":"Arrows Vertical","filter":["resize"]},{"id":"arrows-h","name":"Arrows Horizontal","filter":["resize"]},{"id":"bar-chart","name":"Bar Chart","filter":["graph","analytics","statistics"]},{"id":"camera-retro","name":"camera-retro","filter":["photo","picture","record"]},{"id":"key","name":"key","filter":["unlock","password"]},{"id":"cogs","name":"cogs","filter":["settings"]},{"id":"comments","name":"comments","filter":["speech","notification","note","chat","bubble","feedback","message","texting","sms","conversation"]},{"id":"thumbs-o-up","name":"Thumbs Up Outlined","filter":["like","approve","favorite","agree","hand"]},{"id":"thumbs-o-down","name":"Thumbs Down Outlined","filter":["dislike","disapprove","disagree","hand"]},{"id":"star-half","name":"star-half","filter":["award","achievement","rating","score"]},{"id":"heart-o","name":"Heart Outlined","filter":["love","like","favorite"]},{"id":"sign-out","name":"Sign Out","filter":["log out","logout","leave","exit","arrow"]},{"id":"thumb-tack","name":"Thumb Tack","filter":["marker","pin","location","coordinates"]},{"id":"external-link","name":"External Link","filter":["open","new"]},{"id":"sign-in","name":"Sign In","filter":["enter","join","log in","login","sign up","sign in","signin","signup","arrow"]},{"id":"trophy","name":"trophy","filter":["award","achievement","cup","winner","game"]},{"id":"upload","name":"Upload","filter":["import"]},{"id":"lemon-o","name":"Lemon Outlined","filter":["food"]},{"id":"phone","name":"Phone","filter":["call","voice","number","support","earphone","telephone"]},{"id":"square-o","name":"Square Outlined","filter":["block","square","box"]},{"id":"bookmark-o","name":"Bookmark Outlined","filter":["save"]},{"id":"phone-square","name":"Phone Square","filter":["call","voice","number","support","telephone"]},{"id":"unlock","name":"unlock","filter":["protect","admin","password","lock"]},{"id":"credit-card","name":"credit-card","filter":["money","buy","debit","checkout","purchase","payment"]},{"id":"rss","name":"rss","filter":["blog"]},{"id":"hdd-o","name":"HDD","filter":["harddrive","hard drive","storage","save"]},{"id":"bullhorn","name":"bullhorn","filter":["announcement","share","broadcast","louder","megaphone"]},{"id":"bell","name":"bell","filter":["alert","reminder","notification"]},{"id":"certificate","name":"certificate","filter":["badge","star"]},{"id":"globe","name":"Globe","filter":["world","planet","map","place","travel","earth","global","translate","all","language","localize","location","coordinates","country"]},{"id":"wrench","name":"Wrench","filter":["settings","fix","update","spanner"]},{"id":"tasks","name":"Tasks","filter":["progress","loading","downloading","downloads","settings"]},{"id":"filter","name":"Filter","filter":["funnel","options"]},{"id":"briefcase","name":"Briefcase","filter":["work","business","office","luggage","bag"]},{"id":"users","name":"Users","filter":["people","profiles","persons"]},{"id":"cloud","name":"Cloud","filter":["save"]},{"id":"flask","name":"Flask","filter":["science","beaker","experimental","labs"]},{"id":"square","name":"Square","filter":["block","box"]},{"id":"bars","name":"Bars","filter":["menu","drag","reorder","settings","list","ul","ol","checklist","todo","list","hamburger"]},{"id":"magic","name":"magic","filter":["wizard","automatic","autocomplete"]},{"id":"truck","name":"truck","filter":["shipping"]},{"id":"money","name":"Money","filter":["cash","money","buy","checkout","purchase","payment"]},{"id":"sort","name":"Sort","filter":["order"]},{"id":"sort-desc","name":"Sort Descending","filter":["dropdown","more","menu","arrow"]},{"id":"sort-asc","name":"Sort Ascending","filter":["arrow"]},{"id":"envelope","name":"Envelope","filter":["email","e-mail","letter","support","mail","message","notification"]},{"id":"gavel","name":"Gavel","filter":["judge","lawyer","opinion"]},{"id":"tachometer","name":"Tachometer","filter":["speedometer","fast"]},{"id":"comment-o","name":"comment-o","filter":["speech","notification","note","chat","bubble","feedback","message","texting","sms","conversation"]},{"id":"comments-o","name":"comments-o","filter":["speech","notification","note","chat","bubble","feedback","message","texting","sms","conversation"]},{"id":"bolt","name":"Lightning Bolt","filter":["lightning","weather"]},{"id":"sitemap","name":"Sitemap","filter":["directory","hierarchy","organization"]},{"id":"umbrella","name":"Umbrella","filter":[]},{"id":"lightbulb-o","name":"Lightbulb Outlined","filter":["idea","inspiration"]},{"id":"exchange","name":"Exchange","filter":["transfer","arrows","arrow"]},{"id":"cloud-download","name":"Cloud Download","filter":["import"]},{"id":"cloud-upload","name":"Cloud Upload","filter":["import"]},{"id":"suitcase","name":"Suitcase","filter":["trip","luggage","travel","move","baggage"]},{"id":"bell-o","name":"Bell Outlined","filter":["alert","reminder","notification"]},{"id":"coffee","name":"Coffee","filter":["morning","mug","breakfast","tea","drink","cafe"]},{"id":"cutlery","name":"Cutlery","filter":["food","restaurant","spoon","knife","dinner","eat"]},{"id":"building-o","name":"Building Outlined","filter":["work","business","apartment","office","company"]},{"id":"fighter-jet","name":"fighter-jet","filter":["fly","plane","airplane","quick","fast","travel"]},{"id":"beer","name":"beer","filter":["alcohol","stein","drink","mug","bar","liquor"]},{"id":"plus-square","name":"Plus Square","filter":["add","new","create","expand"]},{"id":"desktop","name":"Desktop","filter":["monitor","screen","desktop","computer","demo","device"]},{"id":"laptop","name":"Laptop","filter":["demo","computer","device"]},{"id":"tablet","name":"tablet","filter":["ipad","device"]},{"id":"mobile","name":"Mobile Phone","filter":["cell phone","cellphone","text","call","iphone","number","telephone"]},{"id":"circle-o","name":"Circle Outlined","filter":[]},{"id":"quote-left","name":"quote-left","filter":[]},{"id":"quote-right","name":"quote-right","filter":[]},{"id":"spinner","name":"Spinner","filter":["loading","progress"]},{"id":"circle","name":"Circle","filter":["dot","notification"]},{"id":"reply","name":"Reply","filter":[]},{"id":"folder-o","name":"Folder Outlined","filter":[]},{"id":"folder-open-o","name":"Folder Open Outlined","filter":[]},{"id":"smile-o","name":"Smile Outlined","filter":["face","emoticon","happy","approve","satisfied","rating"]},{"id":"frown-o","name":"Frown Outlined","filter":["face","emoticon","sad","disapprove","rating"]},{"id":"meh-o","name":"Meh Outlined","filter":["face","emoticon","rating","neutral"]},{"id":"gamepad","name":"Gamepad","filter":["controller"]},{"id":"keyboard-o","name":"Keyboard Outlined","filter":["type","input"]},{"id":"flag-o","name":"Flag Outlined","filter":["report","notification"]},{"id":"flag-checkered","name":"flag-checkered","filter":["report","notification","notify"]},{"id":"terminal","name":"Terminal","filter":["command","prompt","code"]},{"id":"code","name":"Code","filter":["html","brackets"]},{"id":"reply-all","name":"reply-all","filter":[]},{"id":"star-half-o","name":"Star Half Outlined","filter":["award","achievement","rating","score"]},{"id":"location-arrow","name":"location-arrow","filter":["map","coordinates","location","address","place","where"]},{"id":"crop","name":"crop","filter":[]},{"id":"code-fork","name":"code-fork","filter":["git","fork","vcs","svn","github","rebase","version","merge"]},{"id":"question","name":"Question","filter":["help","information","unknown","support"]},{"id":"info","name":"Info","filter":["help","information","more","details"]},{"id":"exclamation","name":"exclamation","filter":["warning","error","problem","notification","notify","alert"]},{"id":"eraser","name":"eraser","filter":["remove","delete"]},{"id":"puzzle-piece","name":"Puzzle Piece","filter":["addon","add-on","section"]},{"id":"microphone","name":"microphone","filter":["record","voice","sound"]},{"id":"microphone-slash","name":"Microphone Slash","filter":["record","voice","sound","mute"]},{"id":"shield","name":"shield","filter":["award","achievement","security","winner"]},{"id":"calendar-o","name":"calendar-o","filter":["date","time","when","event"]},{"id":"fire-extinguisher","name":"fire-extinguisher","filter":[]},{"id":"rocket","name":"rocket","filter":["app"]},{"id":"anchor","name":"Anchor","filter":["link"]},{"id":"unlock-alt","name":"Unlock Alt","filter":["protect","admin","password","lock"]},{"id":"bullseye","name":"Bullseye","filter":["target"]},{"id":"ellipsis-h","name":"Ellipsis Horizontal","filter":["dots"]},{"id":"ellipsis-v","name":"Ellipsis Vertical","filter":["dots"]},{"id":"rss-square","name":"RSS Square","filter":["feed","blog"]},{"id":"ticket","name":"Ticket","filter":["movie","pass","support"]},{"id":"minus-square","name":"Minus Square","filter":["hide","minify","delete","remove","trash","hide","collapse"]},{"id":"minus-square-o","name":"Minus Square Outlined","filter":["hide","minify","delete","remove","trash","hide","collapse"]},{"id":"level-up","name":"Level Up","filter":["arrow"]},{"id":"level-down","name":"Level Down","filter":["arrow"]},{"id":"check-square","name":"Check Square","filter":["checkmark","done","todo","agree","accept","confirm","ok"]},{"id":"pencil-square","name":"Pencil Square","filter":["write","edit","update"]},{"id":"external-link-square","name":"External Link Square","filter":["open","new"]},{"id":"share-square","name":"Share Square","filter":["social","send"]},{"id":"compass","name":"Compass","filter":["safari","directory","menu","location"]},{"id":"caret-square-o-down","name":"Caret Square Outlined Down","filter":["more","dropdown","menu"]},{"id":"caret-square-o-up","name":"Caret Square Outlined Up","filter":[]},{"id":"caret-square-o-right","name":"Caret Square Outlined Right","filter":["next","forward"]},{"id":"sort-alpha-asc","name":"Sort Alpha Ascending","filter":[]},{"id":"sort-alpha-desc","name":"Sort Alpha Descending","filter":[]},{"id":"sort-amount-asc","name":"Sort Amount Ascending","filter":[]},{"id":"sort-amount-desc","name":"Sort Amount Descending","filter":[]},{"id":"sort-numeric-asc","name":"Sort Numeric Ascending","filter":["numbers"]},{"id":"sort-numeric-desc","name":"Sort Numeric Descending","filter":["numbers"]},{"id":"thumbs-up","name":"thumbs-up","filter":["like","favorite","approve","agree","hand"]},{"id":"thumbs-down","name":"thumbs-down","filter":["dislike","disapprove","disagree","hand"]},{"id":"female","name":"Female","filter":["woman","user","person","profile"]},{"id":"male","name":"Male","filter":["man","user","person","profile"]},{"id":"sun-o","name":"Sun Outlined","filter":["weather","contrast","lighter","brighten","day"]},{"id":"moon-o","name":"Moon Outlined","filter":["night","darker","contrast"]},{"id":"archive","name":"Archive","filter":["box","storage"]},{"id":"bug","name":"Bug","filter":["report","insect"]},{"id":"caret-square-o-left","name":"Caret Square Outlined Left","filter":["previous","back"]},{"id":"dot-circle-o","name":"Dot Circle Outlined","filter":["target","bullseye","notification"]},{"id":"wheelchair","name":"Wheelchair","filter":["handicap","person"]},{"id":"plus-square-o","name":"Plus Square Outlined","filter":["add","new","create","expand"]},{"id":"space-shuttle","name":"Space Shuttle","filter":null},{"id":"envelope-square","name":"Envelope Square","filter":["email","e-mail","letter","support","mail","message","notification"]},{"id":"university","name":"University","filter":[]},{"id":"graduation-cap","name":"Graduation Cap","filter":["learning","school","student"]},{"id":"language","name":"Language","filter":["translate"]},{"id":"fax","name":"Fax","filter":[]},{"id":"building","name":"Building","filter":["work","business","apartment","office","company"]},{"id":"child","name":"Child","filter":[]},{"id":"paw","name":"Paw","filter":["pet"]},{"id":"spoon","name":"spoon","filter":[]},{"id":"cube","name":"Cube","filter":[]},{"id":"cubes","name":"Cubes","filter":[]},{"id":"recycle","name":"Recycle","filter":[]},{"id":"car","name":"Car","filter":["vehicle"]},{"id":"taxi","name":"Taxi","filter":["vehicle"]},{"id":"tree","name":"Tree","filter":[]},{"id":"database","name":"Database","filter":[]},{"id":"file-pdf-o","name":"PDF File Outlined","filter":[]},{"id":"file-word-o","name":"Word File Outlined","filter":[]},{"id":"file-excel-o","name":"Excel File Outlined","filter":[]},{"id":"file-powerpoint-o","name":"Powerpoint File Outlined","filter":[]},{"id":"file-image-o","name":"Image File Outlined","filter":[]},{"id":"file-archive-o","name":"Archive File Outlined","filter":[]},{"id":"file-audio-o","name":"Audio File Outlined","filter":[]},{"id":"file-video-o","name":"Video File Outlined","filter":[]},{"id":"file-code-o","name":"Code File Outlined","filter":[]},{"id":"life-ring","name":"Life Ring","filter":[]},{"id":"circle-o-notch","name":"Circle Outlined Notched","filter":[]},{"id":"paper-plane","name":"Paper Plane","filter":[]},{"id":"paper-plane-o","name":"Paper Plane Outlined","filter":[]},{"id":"history","name":"History","filter":["recent"]},{"id":"circle-thin","name":"Circle Outlined Thin","filter":[]},{"id":"sliders","name":"Sliders","filter":["settings"]},{"id":"share-alt","name":"Share Alt","filter":[]},{"id":"share-alt-square","name":"Share Alt Square","filter":[]},{"id":"bomb","name":"Bomb","filter":[]},{"id":"futbol-o","name":"Futbol Outlined","filter":[]},{"id":"tty","name":"TTY","filter":[]},{"id":"binoculars","name":"Binoculars","filter":[]},{"id":"plug","name":"Plug","filter":["power","connect"]},{"id":"newspaper-o","name":"Newspaper Outlined","filter":["press"]},{"id":"wifi","name":"WiFi","filter":[]},{"id":"calculator","name":"Calculator","filter":[]},{"id":"bell-slash","name":"Bell Slash","filter":[]},{"id":"bell-slash-o","name":"Bell Slash Outlined","filter":[]},{"id":"trash","name":"Trash","filter":["garbage","delete","remove","hide"]},{"id":"copyright","name":"Copyright","filter":[]},{"id":"at","name":"At","filter":["email","e-mail"]},{"id":"eyedropper","name":"Eyedropper","filter":[]},{"id":"paint-brush","name":"Paint Brush","filter":[]},{"id":"birthday-cake","name":"Birthday Cake","filter":[]},{"id":"area-chart","name":"Area Chart","filter":["graph","analytics","statistics"]},{"id":"pie-chart","name":"Pie Chart","filter":["graph","analytics","statistics"]},{"id":"line-chart","name":"Line Chart","filter":["graph","analytics","statistics"]},{"id":"toggle-off","name":"Toggle Off","filter":[]},{"id":"toggle-on","name":"Toggle On","filter":[]},{"id":"bicycle","name":"Bicycle","filter":["vehicle","bike"]},{"id":"bus","name":"Bus","filter":["vehicle"]},{"id":"cc","name":"Closed Captions","filter":[]},{"id":"cart-plus","name":"Add to Shopping Cart","filter":["add","shopping"]},{"id":"cart-arrow-down","name":"Shopping Cart Arrow Down","filter":["shopping"]},{"id":"diamond","name":"Diamond","filter":["gem","gemstone"]},{"id":"ship","name":"Ship","filter":["boat","sea"]},{"id":"user-secret","name":"User Secret","filter":["whisper","spy","incognito","privacy"]},{"id":"motorcycle","name":"Motorcycle","filter":["vehicle","bike"]},{"id":"street-view","name":"Street View","filter":["map"]},{"id":"heartbeat","name":"Heartbeat","filter":["ekg"]},{"id":"server","name":"Server","filter":[]},{"id":"user-plus","name":"Add User","filter":["sign up","signup"]},{"id":"user-times","name":"Remove User","filter":[]},{"id":"bed","name":"Bed","filter":["travel"]},{"id":"battery-full","name":"Battery Full","filter":["power"]},{"id":"battery-three-quarters","name":"Battery 3/4 Full","filter":["power"]},{"id":"battery-half","name":"Battery 1/2 Full","filter":["power"]},{"id":"battery-quarter","name":"Battery 1/4 Full","filter":["power"]},{"id":"battery-empty","name":"Battery Empty","filter":["power"]},{"id":"mouse-pointer","name":"Mouse Pointer","filter":[]},{"id":"i-cursor","name":"I Beam Cursor","filter":[]},{"id":"object-group","name":"Object Group","filter":[]},{"id":"object-ungroup","name":"Object Ungroup","filter":[]},{"id":"sticky-note","name":"Sticky Note","filter":[]},{"id":"sticky-note-o","name":"Sticky Note Outlined","filter":[]},{"id":"clone","name":"Clone","filter":["copy"]},{"id":"balance-scale","name":"Balance Scale","filter":[]},{"id":"hourglass-o","name":"Hourglass Outlined","filter":[]},{"id":"hourglass-start","name":"Hourglass Start","filter":[]},{"id":"hourglass-half","name":"Hourglass Half","filter":[]},{"id":"hourglass-end","name":"Hourglass End","filter":[]},{"id":"hourglass","name":"Hourglass","filter":[]},{"id":"hand-rock-o","name":"Rock (Hand)","filter":[]},{"id":"hand-paper-o","name":"Paper (Hand)","filter":["stop"]},{"id":"hand-scissors-o","name":"Scissors (Hand)","filter":[]},{"id":"hand-lizard-o","name":"Lizard (Hand)","filter":[]},{"id":"hand-spock-o","name":"Spock (Hand)","filter":[]},{"id":"hand-pointer-o","name":"Hand Pointer","filter":[]},{"id":"hand-peace-o","name":"Hand Peace","filter":[]},{"id":"trademark","name":"Trademark","filter":[]},{"id":"registered","name":"Registered Trademark","filter":[]},{"id":"creative-commons","name":"Creative Commons","filter":[]},{"id":"television","name":"Television","filter":["display","computer","monitor"]},{"id":"calendar-plus-o","name":"Calendar Plus Outlined","filter":[]},{"id":"calendar-minus-o","name":"Calendar Minus Outlined","filter":[]},{"id":"calendar-times-o","name":"Calendar Times Outlined","filter":[]},{"id":"calendar-check-o","name":"Calendar Check Outlined","filter":["ok"]},{"id":"industry","name":"Industry","filter":["factory"]},{"id":"map-pin","name":"Map Pin","filter":[]},{"id":"map-signs","name":"Map Signs","filter":[]},{"id":"map-o","name":"Map Outlined","filter":[]},{"id":"map","name":"Map","filter":[]},{"id":"commenting","name":"Commenting","filter":["speech","notification","note","chat","bubble","feedback","message","texting","sms","conversation"]},{"id":"commenting-o","name":"Commenting Outlined","filter":["speech","notification","note","chat","bubble","feedback","message","texting","sms","conversation"]},{"id":"credit-card-alt","name":"Credit Card","filter":["money","buy","debit","checkout","purchase","payment","credit card"]},{"id":"shopping-bag","name":"Shopping Bag","filter":[]},{"id":"shopping-basket","name":"Shopping Basket","filter":[]},{"id":"hashtag","name":"Hashtag","filter":[]},{"id":"bluetooth","name":"Bluetooth","filter":[]},{"id":"bluetooth-b","name":"Bluetooth","filter":[]},{"id":"percent","name":"Percent","filter":[]},{"id":"universal-access","name":"Universal Access","filter":[]},{"id":"wheelchair-alt","name":"Wheelchair Alt","filter":["handicap","person"]},{"id":"question-circle-o","name":"Question Circle Outlined","filter":[]},{"id":"blind","name":"Blind","filter":[]},{"id":"audio-description","name":"Audio Description","filter":[]},{"id":"volume-control-phone","name":"Volume Control Phone","filter":["telephone"]},{"id":"braille","name":"Braille","filter":[]},{"id":"assistive-listening-systems","name":"Assistive Listening Systems","filter":[]},{"id":"american-sign-language-interpreting","name":"American Sign Language Interpreting","filter":[]},{"id":"deaf","name":"Deaf","filter":[]},{"id":"sign-language","name":"Sign Language","filter":[]},{"id":"low-vision","name":"Low Vision","filter":[]},{"id":"handshake-o","name":"Handshake Outlined","filter":[]},{"id":"envelope-open","name":"Envelope Open","filter":["email","e-mail","letter","support","mail","message","notification"]},{"id":"envelope-open-o","name":"Envelope Open Outlined","filter":["email","e-mail","letter","support","mail","message","notification"]},{"id":"address-book","name":"Address Book","filter":[]},{"id":"address-book-o","name":"Address Book Outlined","filter":[]},{"id":"address-card","name":"Address Card","filter":[]},{"id":"address-card-o","name":"Address Card Outlined","filter":[]},{"id":"user-circle","name":"User Circle","filter":[]},{"id":"user-circle-o","name":"User Circle Outlined","filter":[]},{"id":"user-o","name":"User Outlined","filter":[]},{"id":"id-badge","name":"Identification Badge","filter":[]},{"id":"id-card","name":"Identification Card","filter":[]},{"id":"id-card-o","name":"Identification Card Outlined","filter":[]},{"id":"thermometer-full","name":"Thermometer Full","filter":[]},{"id":"thermometer-three-quarters","name":"Thermometer 3/4 Full","filter":[]},{"id":"thermometer-half","name":"Thermometer 1/2 Full","filter":[]},{"id":"thermometer-quarter","name":"Thermometer 1/4 Full","filter":[]},{"id":"thermometer-empty","name":"Thermometer Empty","filter":[]},{"id":"shower","name":"Shower","filter":[]},{"id":"bath","name":"Bath","filter":[]},{"id":"podcast","name":"Podcast","filter":[]},{"id":"window-maximize","name":"Window Maximize","filter":[]},{"id":"window-minimize","name":"Window Minimize","filter":[]},{"id":"window-restore","name":"Window Restore","filter":[]},{"id":"window-close","name":"Window Close","filter":[]},{"id":"window-close-o","name":"Window Close Outline","filter":[]},{"id":"microchip","name":"Microchip","filter":[]},{"id":"snowflake-o","name":"Snowflake Outlined","filter":[]}],"medical":[{"id":"heart","name":"Heart","filter":["love","like","favorite"]},{"id":"heart-o","name":"Heart Outlined","filter":["love","like","favorite"]},{"id":"user-md","name":"user-md","filter":["doctor","profile","medical","nurse"]},{"id":"stethoscope","name":"Stethoscope","filter":[]},{"id":"hospital-o","name":"hospital Outlined","filter":["building"]},{"id":"ambulance","name":"ambulance","filter":["vehicle","support","help"]},{"id":"medkit","name":"medkit","filter":["first aid","firstaid","help","support","health"]},{"id":"h-square","name":"H Square","filter":["hospital","hotel"]},{"id":"plus-square","name":"Plus Square","filter":["add","new","create","expand"]},{"id":"wheelchair","name":"Wheelchair","filter":["handicap","person"]},{"id":"heartbeat","name":"Heartbeat","filter":["ekg"]},{"id":"wheelchair-alt","name":"Wheelchair Alt","filter":["handicap","person"]}],"text_editor":[{"id":"th-large","name":"th-large","filter":["blocks","squares","boxes","grid"]},{"id":"th","name":"th","filter":["blocks","squares","boxes","grid"]},{"id":"th-list","name":"th-list","filter":["ul","ol","checklist","finished","completed","done","todo"]},{"id":"file-o","name":"File Outlined","filter":["new","page","pdf","document"]},{"id":"repeat","name":"Repeat","filter":["redo","forward"]},{"id":"list-alt","name":"list-alt","filter":["ul","ol","checklist","finished","completed","done","todo"]},{"id":"font","name":"font","filter":["text"]},{"id":"bold","name":"bold","filter":[]},{"id":"italic","name":"italic","filter":["italics"]},{"id":"text-height","name":"text-height","filter":[]},{"id":"text-width","name":"text-width","filter":[]},{"id":"align-left","name":"align-left","filter":["text"]},{"id":"align-center","name":"align-center","filter":["middle","text"]},{"id":"align-right","name":"align-right","filter":["text"]},{"id":"align-justify","name":"align-justify","filter":["text"]},{"id":"list","name":"list","filter":["ul","ol","checklist","finished","completed","done","todo"]},{"id":"outdent","name":"Outdent","filter":[]},{"id":"indent","name":"Indent","filter":[]},{"id":"link","name":"Link","filter":["chain"]},{"id":"scissors","name":"Scissors","filter":[]},{"id":"files-o","name":"Files Outlined","filter":["duplicate","clone","copy"]},{"id":"paperclip","name":"Paperclip","filter":["attachment"]},{"id":"floppy-o","name":"Floppy Outlined","filter":[]},{"id":"list-ul","name":"list-ul","filter":["ul","ol","checklist","todo","list"]},{"id":"list-ol","name":"list-ol","filter":["ul","ol","checklist","list","todo","list","numbers"]},{"id":"strikethrough","name":"Strikethrough","filter":[]},{"id":"underline","name":"Underline","filter":[]},{"id":"table","name":"table","filter":["data","excel","spreadsheet"]},{"id":"columns","name":"Columns","filter":["split","panes"]},{"id":"undo","name":"Undo","filter":["back"]},{"id":"clipboard","name":"Clipboard","filter":["copy"]},{"id":"file-text-o","name":"File Text Outlined","filter":["new","page","pdf","document"]},{"id":"chain-broken","name":"Chain Broken","filter":["remove"]},{"id":"superscript","name":"superscript","filter":["exponential"]},{"id":"subscript","name":"subscript","filter":[]},{"id":"eraser","name":"eraser","filter":["remove","delete"]},{"id":"file","name":"File","filter":["new","page","pdf","document"]},{"id":"file-text","name":"File Text","filter":["new","page","pdf","document"]},{"id":"header","name":"header","filter":["heading"]},{"id":"paragraph","name":"paragraph","filter":[]}],"spinner":[{"id":"cog","name":"cog","filter":["settings"]},{"id":"refresh","name":"refresh","filter":["reload","sync"]},{"id":"spinner","name":"Spinner","filter":["loading","progress"]},{"id":"circle-o-notch","name":"Circle Outlined Notched","filter":[]}],"file_type":[{"id":"file-o","name":"File Outlined","filter":["new","page","pdf","document"]},{"id":"file-text-o","name":"File Text Outlined","filter":["new","page","pdf","document"]},{"id":"file","name":"File","filter":["new","page","pdf","document"]},{"id":"file-text","name":"File Text","filter":["new","page","pdf","document"]},{"id":"file-pdf-o","name":"PDF File Outlined","filter":[]},{"id":"file-word-o","name":"Word File Outlined","filter":[]},{"id":"file-excel-o","name":"Excel File Outlined","filter":[]},{"id":"file-powerpoint-o","name":"Powerpoint File Outlined","filter":[]},{"id":"file-image-o","name":"Image File Outlined","filter":[]},{"id":"file-archive-o","name":"Archive File Outlined","filter":[]},{"id":"file-audio-o","name":"Audio File Outlined","filter":[]},{"id":"file-video-o","name":"Video File Outlined","filter":[]},{"id":"file-code-o","name":"Code File Outlined","filter":[]}],"directional":[{"id":"arrow-circle-o-down","name":"Arrow Circle Outlined Down","filter":["download"]},{"id":"arrow-circle-o-up","name":"Arrow Circle Outlined Up","filter":[]},{"id":"arrows","name":"Arrows","filter":["move","reorder","resize"]},{"id":"chevron-left","name":"chevron-left","filter":["bracket","previous","back"]},{"id":"chevron-right","name":"chevron-right","filter":["bracket","next","forward"]},{"id":"arrow-left","name":"arrow-left","filter":["previous","back"]},{"id":"arrow-right","name":"arrow-right","filter":["next","forward"]},{"id":"arrow-up","name":"arrow-up","filter":[]},{"id":"arrow-down","name":"arrow-down","filter":["download"]},{"id":"chevron-up","name":"chevron-up","filter":[]},{"id":"chevron-down","name":"chevron-down","filter":[]},{"id":"arrows-v","name":"Arrows Vertical","filter":["resize"]},{"id":"arrows-h","name":"Arrows Horizontal","filter":["resize"]},{"id":"hand-o-right","name":"Hand Outlined Right","filter":["point","right","next","forward","finger"]},{"id":"hand-o-left","name":"Hand Outlined Left","filter":["point","left","previous","back","finger"]},{"id":"hand-o-up","name":"Hand Outlined Up","filter":["point","finger"]},{"id":"hand-o-down","name":"Hand Outlined Down","filter":["point","finger"]},{"id":"arrow-circle-left","name":"Arrow Circle Left","filter":["previous","back"]},{"id":"arrow-circle-right","name":"Arrow Circle Right","filter":["next","forward"]},{"id":"arrow-circle-up","name":"Arrow Circle Up","filter":[]},{"id":"arrow-circle-down","name":"Arrow Circle Down","filter":["download"]},{"id":"arrows-alt","name":"Arrows Alt","filter":["expand","enlarge","fullscreen","bigger","move","reorder","resize","arrow"]},{"id":"caret-down","name":"Caret Down","filter":["more","dropdown","menu","triangle down","arrow"]},{"id":"caret-up","name":"Caret Up","filter":["triangle up","arrow"]},{"id":"caret-left","name":"Caret Left","filter":["previous","back","triangle left","arrow"]},{"id":"caret-right","name":"Caret Right","filter":["next","forward","triangle right","arrow"]},{"id":"exchange","name":"Exchange","filter":["transfer","arrows","arrow"]},{"id":"angle-double-left","name":"Angle Double Left","filter":["laquo","quote","previous","back","arrows"]},{"id":"angle-double-right","name":"Angle Double Right","filter":["raquo","quote","next","forward","arrows"]},{"id":"angle-double-up","name":"Angle Double Up","filter":["arrows"]},{"id":"angle-double-down","name":"Angle Double Down","filter":["arrows"]},{"id":"angle-left","name":"angle-left","filter":["previous","back","arrow"]},{"id":"angle-right","name":"angle-right","filter":["next","forward","arrow"]},{"id":"angle-up","name":"angle-up","filter":["arrow"]},{"id":"angle-down","name":"angle-down","filter":["arrow"]},{"id":"chevron-circle-left","name":"Chevron Circle Left","filter":["previous","back","arrow"]},{"id":"chevron-circle-right","name":"Chevron Circle Right","filter":["next","forward","arrow"]},{"id":"chevron-circle-up","name":"Chevron Circle Up","filter":["arrow"]},{"id":"chevron-circle-down","name":"Chevron Circle Down","filter":["more","dropdown","menu","arrow"]},{"id":"caret-square-o-down","name":"Caret Square Outlined Down","filter":["more","dropdown","menu"]},{"id":"caret-square-o-up","name":"Caret Square Outlined Up","filter":[]},{"id":"caret-square-o-right","name":"Caret Square Outlined Right","filter":["next","forward"]},{"id":"long-arrow-down","name":"Long Arrow Down","filter":[]},{"id":"long-arrow-up","name":"Long Arrow Up","filter":[]},{"id":"long-arrow-left","name":"Long Arrow Left","filter":["previous","back"]},{"id":"long-arrow-right","name":"Long Arrow Right","filter":[]},{"id":"arrow-circle-o-right","name":"Arrow Circle Outlined Right","filter":["next","forward"]},{"id":"arrow-circle-o-left","name":"Arrow Circle Outlined Left","filter":["previous","back"]},{"id":"caret-square-o-left","name":"Caret Square Outlined Left","filter":["previous","back"]}],"video_player":[{"id":"play-circle-o","name":"Play Circle Outlined","filter":[]},{"id":"step-backward","name":"step-backward","filter":["rewind","previous","beginning","start","first"]},{"id":"fast-backward","name":"fast-backward","filter":["rewind","previous","beginning","start","first"]},{"id":"backward","name":"backward","filter":["rewind","previous"]},{"id":"play","name":"play","filter":["start","playing","music","sound"]},{"id":"pause","name":"pause","filter":["wait"]},{"id":"stop","name":"stop","filter":["block","box","square"]},{"id":"forward","name":"forward","filter":["forward","next"]},{"id":"fast-forward","name":"fast-forward","filter":["next","end","last"]},{"id":"step-forward","name":"step-forward","filter":["next","end","last"]},{"id":"eject","name":"eject","filter":[]},{"id":"expand","name":"Expand","filter":["enlarge","bigger","resize"]},{"id":"compress","name":"Compress","filter":["collapse","combine","contract","merge","smaller"]},{"id":"random","name":"random","filter":["sort","shuffle"]},{"id":"arrows-alt","name":"Arrows Alt","filter":["expand","enlarge","fullscreen","bigger","move","reorder","resize","arrow"]},{"id":"play-circle","name":"Play Circle","filter":["start","playing"]},{"id":"youtube-play","name":"YouTube Play","filter":["start","playing"]},{"id":"pause-circle","name":"Pause Circle","filter":[]},{"id":"pause-circle-o","name":"Pause Circle Outlined","filter":[]},{"id":"stop-circle","name":"Stop Circle","filter":[]},{"id":"stop-circle-o","name":"Stop Circle Outlined","filter":[]}],"form_control":[{"id":"check-square-o","name":"Check Square Outlined","filter":["todo","done","agree","accept","confirm","ok"]},{"id":"square-o","name":"Square Outlined","filter":["block","square","box"]},{"id":"square","name":"Square","filter":["block","box"]},{"id":"plus-square","name":"Plus Square","filter":["add","new","create","expand"]},{"id":"circle-o","name":"Circle Outlined","filter":[]},{"id":"circle","name":"Circle","filter":["dot","notification"]},{"id":"minus-square","name":"Minus Square","filter":["hide","minify","delete","remove","trash","hide","collapse"]},{"id":"minus-square-o","name":"Minus Square Outlined","filter":["hide","minify","delete","remove","trash","hide","collapse"]},{"id":"check-square","name":"Check Square","filter":["checkmark","done","todo","agree","accept","confirm","ok"]},{"id":"dot-circle-o","name":"Dot Circle Outlined","filter":["target","bullseye","notification"]},{"id":"plus-square-o","name":"Plus Square Outlined","filter":["add","new","create","expand"]}],"transportation":[{"id":"plane","name":"plane","filter":["travel","trip","location","destination","airplane","fly","mode"]},{"id":"truck","name":"truck","filter":["shipping"]},{"id":"ambulance","name":"ambulance","filter":["vehicle","support","help"]},{"id":"fighter-jet","name":"fighter-jet","filter":["fly","plane","airplane","quick","fast","travel"]},{"id":"rocket","name":"rocket","filter":["app"]},{"id":"wheelchair","name":"Wheelchair","filter":["handicap","person"]},{"id":"space-shuttle","name":"Space Shuttle","filter":null},{"id":"car","name":"Car","filter":["vehicle"]},{"id":"taxi","name":"Taxi","filter":["vehicle"]},{"id":"bicycle","name":"Bicycle","filter":["vehicle","bike"]},{"id":"bus","name":"Bus","filter":["vehicle"]},{"id":"ship","name":"Ship","filter":["boat","sea"]},{"id":"motorcycle","name":"Motorcycle","filter":["vehicle","bike"]},{"id":"train","name":"Train","filter":[]},{"id":"subway","name":"Subway","filter":[]},{"id":"wheelchair-alt","name":"Wheelchair Alt","filter":["handicap","person"]}],"chart":[{"id":"bar-chart","name":"Bar Chart","filter":["graph","analytics","statistics"]},{"id":"area-chart","name":"Area Chart","filter":["graph","analytics","statistics"]},{"id":"pie-chart","name":"Pie Chart","filter":["graph","analytics","statistics"]},{"id":"line-chart","name":"Line Chart","filter":["graph","analytics","statistics"]}],"brand":[{"id":"twitter-square","name":"Twitter Square","filter":["tweet","social network"]},{"id":"facebook-square","name":"Facebook Square","filter":["social network"]},{"id":"linkedin-square","name":"LinkedIn Square","filter":[]},{"id":"github-square","name":"GitHub Square","filter":["octocat"]},{"id":"twitter","name":"Twitter","filter":["tweet","social network"]},{"id":"facebook","name":"Facebook","filter":["social network"]},{"id":"github","name":"GitHub","filter":["octocat"]},{"id":"pinterest","name":"Pinterest","filter":[]},{"id":"pinterest-square","name":"Pinterest Square","filter":[]},{"id":"google-plus-square","name":"Google Plus Square","filter":["social network"]},{"id":"google-plus","name":"Google Plus","filter":["social network"]},{"id":"linkedin","name":"LinkedIn","filter":[]},{"id":"github-alt","name":"GitHub Alt","filter":["octocat"]},{"id":"maxcdn","name":"MaxCDN","filter":[]},{"id":"html5","name":"HTML 5 Logo","filter":[]},{"id":"css3","name":"CSS 3 Logo","filter":["code"]},{"id":"btc","name":"Bitcoin (BTC)","filter":[]},{"id":"youtube-square","name":"YouTube Square","filter":["video","film"]},{"id":"youtube","name":"YouTube","filter":["video","film"]},{"id":"xing","name":"Xing","filter":[]},{"id":"xing-square","name":"Xing Square","filter":[]},{"id":"youtube-play","name":"YouTube Play","filter":["start","playing"]},{"id":"dropbox","name":"Dropbox","filter":[]},{"id":"stack-overflow","name":"Stack Overflow","filter":[]},{"id":"instagram","name":"Instagram","filter":[]},{"id":"flickr","name":"Flickr","filter":[]},{"id":"adn","name":"App.net","filter":[]},{"id":"bitbucket","name":"Bitbucket","filter":["git"]},{"id":"bitbucket-square","name":"Bitbucket Square","filter":["git"]},{"id":"tumblr","name":"Tumblr","filter":[]},{"id":"tumblr-square","name":"Tumblr Square","filter":[]},{"id":"apple","name":"Apple","filter":["osx","food"]},{"id":"windows","name":"Windows","filter":["microsoft"]},{"id":"android","name":"Android","filter":["robot"]},{"id":"linux","name":"Linux","filter":["tux"]},{"id":"dribbble","name":"Dribbble","filter":[]},{"id":"skype","name":"Skype","filter":[]},{"id":"foursquare","name":"Foursquare","filter":[]},{"id":"trello","name":"Trello","filter":[]},{"id":"gratipay","name":"Gratipay (Gittip)","filter":["heart","like","favorite","love"]},{"id":"vk","name":"VK","filter":[]},{"id":"weibo","name":"Weibo","filter":[]},{"id":"renren","name":"Renren","filter":[]},{"id":"pagelines","name":"Pagelines","filter":["leaf","leaves","tree","plant","eco","nature"]},{"id":"stack-exchange","name":"Stack Exchange","filter":[]},{"id":"vimeo-square","name":"Vimeo Square","filter":[]},{"id":"slack","name":"Slack Logo","filter":["hashtag","anchor","hash"]},{"id":"wordpress","name":"WordPress Logo","filter":[]},{"id":"openid","name":"OpenID","filter":[]},{"id":"yahoo","name":"Yahoo Logo","filter":[]},{"id":"google","name":"Google Logo","filter":[]},{"id":"reddit","name":"reddit Logo","filter":[]},{"id":"reddit-square","name":"reddit Square","filter":[]},{"id":"stumbleupon-circle","name":"StumbleUpon Circle","filter":[]},{"id":"stumbleupon","name":"StumbleUpon Logo","filter":[]},{"id":"delicious","name":"Delicious Logo","filter":[]},{"id":"digg","name":"Digg Logo","filter":[]},{"id":"pied-piper-pp","name":"Pied Piper PP Logo (Old)","filter":[]},{"id":"pied-piper-alt","name":"Pied Piper Alternate Logo","filter":[]},{"id":"drupal","name":"Drupal Logo","filter":[]},{"id":"joomla","name":"Joomla Logo","filter":[]},{"id":"behance","name":"Behance","filter":[]},{"id":"behance-square","name":"Behance Square","filter":[]},{"id":"steam","name":"Steam","filter":[]},{"id":"steam-square","name":"Steam Square","filter":[]},{"id":"spotify","name":"Spotify","filter":[]},{"id":"deviantart","name":"deviantART","filter":[]},{"id":"soundcloud","name":"SoundCloud","filter":[]},{"id":"vine","name":"Vine","filter":[]},{"id":"codepen","name":"Codepen","filter":[]},{"id":"jsfiddle","name":"jsFiddle","filter":[]},{"id":"rebel","name":"Rebel Alliance","filter":[]},{"id":"empire","name":"Galactic Empire","filter":[]},{"id":"git-square","name":"Git Square","filter":[]},{"id":"git","name":"Git","filter":[]},{"id":"hacker-news","name":"Hacker News","filter":[]},{"id":"tencent-weibo","name":"Tencent Weibo","filter":[]},{"id":"qq","name":"QQ","filter":[]},{"id":"weixin","name":"Weixin (WeChat)","filter":[]},{"id":"share-alt","name":"Share Alt","filter":[]},{"id":"share-alt-square","name":"Share Alt Square","filter":[]},{"id":"slideshare","name":"Slideshare","filter":[]},{"id":"twitch","name":"Twitch","filter":[]},{"id":"yelp","name":"Yelp","filter":[]},{"id":"paypal","name":"Paypal","filter":[]},{"id":"google-wallet","name":"Google Wallet","filter":[]},{"id":"cc-visa","name":"Visa Credit Card","filter":[]},{"id":"cc-mastercard","name":"MasterCard Credit Card","filter":[]},{"id":"cc-discover","name":"Discover Credit Card","filter":[]},{"id":"cc-amex","name":"American Express Credit Card","filter":["amex"]},{"id":"cc-paypal","name":"Paypal Credit Card","filter":[]},{"id":"cc-stripe","name":"Stripe Credit Card","filter":[]},{"id":"lastfm","name":"last.fm","filter":[]},{"id":"lastfm-square","name":"last.fm Square","filter":[]},{"id":"ioxhost","name":"ioxhost","filter":[]},{"id":"angellist","name":"AngelList","filter":[]},{"id":"meanpath","name":"meanpath","filter":[]},{"id":"buysellads","name":"BuySellAds","filter":[]},{"id":"connectdevelop","name":"Connect Develop","filter":[]},{"id":"dashcube","name":"DashCube","filter":[]},{"id":"forumbee","name":"Forumbee","filter":[]},{"id":"leanpub","name":"Leanpub","filter":[]},{"id":"sellsy","name":"Sellsy","filter":[]},{"id":"shirtsinbulk","name":"Shirts in Bulk","filter":[]},{"id":"simplybuilt","name":"SimplyBuilt","filter":[]},{"id":"skyatlas","name":"skyatlas","filter":[]},{"id":"facebook-official","name":"Facebook Official","filter":[]},{"id":"pinterest-p","name":"Pinterest P","filter":[]},{"id":"whatsapp","name":"What's App","filter":[]},{"id":"viacoin","name":"Viacoin (VIA)","filter":[]},{"id":"medium","name":"Medium","filter":[]},{"id":"y-combinator","name":"Y Combinator","filter":[]},{"id":"optin-monster","name":"Optin Monster","filter":[]},{"id":"opencart","name":"OpenCart","filter":[]},{"id":"expeditedssl","name":"ExpeditedSSL","filter":[]},{"id":"cc-jcb","name":"JCB Credit Card","filter":[]},{"id":"cc-diners-club","name":"Diner's Club Credit Card","filter":[]},{"id":"gg","name":"GG Currency","filter":[]},{"id":"gg-circle","name":"GG Currency Circle","filter":[]},{"id":"tripadvisor","name":"TripAdvisor","filter":[]},{"id":"odnoklassniki","name":"Odnoklassniki","filter":[]},{"id":"odnoklassniki-square","name":"Odnoklassniki Square","filter":[]},{"id":"get-pocket","name":"Get Pocket","filter":[]},{"id":"wikipedia-w","name":"Wikipedia W","filter":[]},{"id":"safari","name":"Safari","filter":["browser"]},{"id":"chrome","name":"Chrome","filter":["browser"]},{"id":"firefox","name":"Firefox","filter":["browser"]},{"id":"opera","name":"Opera","filter":[]},{"id":"internet-explorer","name":"Internet-explorer","filter":["browser","ie"]},{"id":"contao","name":"Contao","filter":[]},{"id":"500px","name":"500px","filter":[]},{"id":"amazon","name":"Amazon","filter":[]},{"id":"houzz","name":"Houzz","filter":[]},{"id":"vimeo","name":"Vimeo","filter":[]},{"id":"black-tie","name":"Font Awesome Black Tie","filter":[]},{"id":"fonticons","name":"Fonticons","filter":[]},{"id":"reddit-alien","name":"reddit Alien","filter":[]},{"id":"edge","name":"Edge Browser","filter":["browser","ie"]},{"id":"codiepie","name":"Codie Pie","filter":[]},{"id":"modx","name":"MODX","filter":[]},{"id":"fort-awesome","name":"Fort Awesome","filter":[]},{"id":"usb","name":"USB","filter":[]},{"id":"product-hunt","name":"Product Hunt","filter":[]},{"id":"mixcloud","name":"Mixcloud","filter":[]},{"id":"scribd","name":"Scribd","filter":[]},{"id":"bluetooth","name":"Bluetooth","filter":[]},{"id":"bluetooth-b","name":"Bluetooth","filter":[]},{"id":"gitlab","name":"GitLab","filter":[]},{"id":"wpbeginner","name":"WPBeginner","filter":[]},{"id":"wpforms","name":"WPForms","filter":[]},{"id":"envira","name":"Envira Gallery","filter":["leaf"]},{"id":"glide","name":"Glide","filter":[]},{"id":"glide-g","name":"Glide G","filter":[]},{"id":"viadeo","name":"Viadeo","filter":[]},{"id":"viadeo-square","name":"Viadeo Square","filter":[]},{"id":"snapchat","name":"Snapchat","filter":[]},{"id":"snapchat-ghost","name":"Snapchat Ghost","filter":[]},{"id":"snapchat-square","name":"Snapchat Square","filter":[]},{"id":"pied-piper","name":"Pied Piper Logo","filter":[]},{"id":"first-order","name":"First Order","filter":[]},{"id":"yoast","name":"Yoast","filter":[]},{"id":"themeisle","name":"ThemeIsle","filter":[]},{"id":"google-plus-official","name":"Google Plus Official","filter":[]},{"id":"font-awesome","name":"Font Awesome","filter":[]},{"id":"linode","name":"Linode","filter":[]},{"id":"quora","name":"Quora","filter":[]},{"id":"free-code-camp","name":"Free Code Camp","filter":[]},{"id":"telegram","name":"Telegram","filter":[]},{"id":"bandcamp","name":"Bandcamp","filter":[]},{"id":"grav","name":"Grav","filter":[]},{"id":"etsy","name":"Etsy","filter":[]},{"id":"imdb","name":"IMDB","filter":[]},{"id":"ravelry","name":"Ravelry","filter":[]},{"id":"eercast","name":"Eercast","filter":[]},{"id":"superpowers","name":"Superpowers","filter":[]},{"id":"wpexplorer","name":"WPExplorer","filter":[]},{"id":"meetup","name":"Meetup","filter":[]}],"hand":[{"id":"thumbs-o-up","name":"Thumbs Up Outlined","filter":["like","approve","favorite","agree","hand"]},{"id":"thumbs-o-down","name":"Thumbs Down Outlined","filter":["dislike","disapprove","disagree","hand"]},{"id":"hand-o-right","name":"Hand Outlined Right","filter":["point","right","next","forward","finger"]},{"id":"hand-o-left","name":"Hand Outlined Left","filter":["point","left","previous","back","finger"]},{"id":"hand-o-up","name":"Hand Outlined Up","filter":["point","finger"]},{"id":"hand-o-down","name":"Hand Outlined Down","filter":["point","finger"]},{"id":"thumbs-up","name":"thumbs-up","filter":["like","favorite","approve","agree","hand"]},{"id":"thumbs-down","name":"thumbs-down","filter":["dislike","disapprove","disagree","hand"]},{"id":"hand-rock-o","name":"Rock (Hand)","filter":[]},{"id":"hand-paper-o","name":"Paper (Hand)","filter":["stop"]},{"id":"hand-scissors-o","name":"Scissors (Hand)","filter":[]},{"id":"hand-lizard-o","name":"Lizard (Hand)","filter":[]},{"id":"hand-spock-o","name":"Spock (Hand)","filter":[]},{"id":"hand-pointer-o","name":"Hand Pointer","filter":[]},{"id":"hand-peace-o","name":"Hand Peace","filter":[]}],"payment":[{"id":"credit-card","name":"credit-card","filter":["money","buy","debit","checkout","purchase","payment"]},{"id":"paypal","name":"Paypal","filter":[]},{"id":"google-wallet","name":"Google Wallet","filter":[]},{"id":"cc-visa","name":"Visa Credit Card","filter":[]},{"id":"cc-mastercard","name":"MasterCard Credit Card","filter":[]},{"id":"cc-discover","name":"Discover Credit Card","filter":[]},{"id":"cc-amex","name":"American Express Credit Card","filter":["amex"]},{"id":"cc-paypal","name":"Paypal Credit Card","filter":[]},{"id":"cc-stripe","name":"Stripe Credit Card","filter":[]},{"id":"cc-jcb","name":"JCB Credit Card","filter":[]},{"id":"cc-diners-club","name":"Diner's Club Credit Card","filter":[]},{"id":"credit-card-alt","name":"Credit Card","filter":["money","buy","debit","checkout","purchase","payment","credit card"]}],"currency":[{"id":"money","name":"Money","filter":["cash","money","buy","checkout","purchase","payment"]},{"id":"eur","name":"Euro (EUR)","filter":[]},{"id":"gbp","name":"GBP","filter":[]},{"id":"usd","name":"US Dollar","filter":[]},{"id":"inr","name":"Indian Rupee (INR)","filter":[]},{"id":"jpy","name":"Japanese Yen (JPY)","filter":[]},{"id":"rub","name":"Russian Ruble (RUB)","filter":[]},{"id":"krw","name":"Korean Won (KRW)","filter":[]},{"id":"btc","name":"Bitcoin (BTC)","filter":[]},{"id":"try","name":"Turkish Lira (TRY)","filter":[]},{"id":"ils","name":"Shekel (ILS)","filter":[]},{"id":"viacoin","name":"Viacoin (VIA)","filter":[]},{"id":"gg","name":"GG Currency","filter":[]},{"id":"gg-circle","name":"GG Currency Circle","filter":[]}],"accessibility":[{"id":"wheelchair","name":"Wheelchair","filter":["handicap","person"]},{"id":"tty","name":"TTY","filter":[]},{"id":"cc","name":"Closed Captions","filter":[]},{"id":"universal-access","name":"Universal Access","filter":[]},{"id":"wheelchair-alt","name":"Wheelchair Alt","filter":["handicap","person"]},{"id":"question-circle-o","name":"Question Circle Outlined","filter":[]},{"id":"blind","name":"Blind","filter":[]},{"id":"audio-description","name":"Audio Description","filter":[]},{"id":"volume-control-phone","name":"Volume Control Phone","filter":["telephone"]},{"id":"braille","name":"Braille","filter":[]},{"id":"assistive-listening-systems","name":"Assistive Listening Systems","filter":[]},{"id":"american-sign-language-interpreting","name":"American Sign Language Interpreting","filter":[]},{"id":"deaf","name":"Deaf","filter":[]},{"id":"sign-language","name":"Sign Language","filter":[]},{"id":"low-vision","name":"Low Vision","filter":[]}],"gender":[{"id":"venus","name":"Venus","filter":["female"]},{"id":"mars","name":"Mars","filter":["male"]},{"id":"mercury","name":"Mercury","filter":["transgender"]},{"id":"transgender","name":"Transgender","filter":[]},{"id":"transgender-alt","name":"Transgender Alt","filter":[]},{"id":"venus-double","name":"Venus Double","filter":[]},{"id":"mars-double","name":"Mars Double","filter":[]},{"id":"venus-mars","name":"Venus Mars","filter":[]},{"id":"mars-stroke","name":"Mars Stroke","filter":[]},{"id":"mars-stroke-v","name":"Mars Stroke Vertical","filter":[]},{"id":"mars-stroke-h","name":"Mars Stroke Horizontal","filter":[]},{"id":"neuter","name":"Neuter","filter":[]},{"id":"genderless","name":"Genderless","filter":[]}]}