{
  "entrypoints": {
    "blocks/manager": {
      "js": [
        "../runtime.min.js",
        "../blocks/manager.min.js"
      ],
      "css": [
        "../blocks/manager.min.css"
      ]
    },
    "menu/admin": {
      "js": [
        "../runtime.min.js",
        "../menu/admin.min.js"
      ]
    },
    "tree/group": {
      "js": [
        "../runtime.min.js",
        "../tree/group.min.js"
      ],
      "css": [
        "../tree/group.min.css"
      ]
    },
    "settings/admin": {
      "js": [
        "../runtime.min.js",
        "../settings/admin.min.js"
      ],
      "css": [
        "../settings/admin.min.css"
      ]
    },
    "sitemaker": {
      "js": [
        "../runtime.min.js"
      ],
      "css": [
        "../sitemaker.min.css"
      ]
    }
  }
}